from_id,to_id,relationship_type
1,1,HAS_SYMPTOM
1,2,HAS_SYMPTOM
1,3,HAS_SYMPTOM
1,4,HAS_SYMPTOM
1,5,HAS_SYMPTOM
1,6,HAS_SYMPTOM
2,7,HAS_SYMPTOM
2,8,HAS_SYMPTOM
2,9,HAS_SYMPTOM
3,10,HAS_SYMPTOM
3,11,HAS_SYMPTOM
3,12,HAS_SYMPTOM
3,13,HAS_SYMPTOM
4,14,HAS_SYMPTOM
4,15,HAS_SYMPTOM
4,16,HAS_SYMPTOM
4,17,HAS_SYMPTOM
4,18,HAS_SYMPTOM
5,19,HAS_SYMPTOM
5,20,HAS_SYMPTOM
5,21,HAS_SYMPTOM
5,22,HAS_SYMPTOM
5,23,HAS_SYMPTOM
5,24,HAS_SYMPTOM
5,25,HAS_SYMPTOM
6,26,HAS_SYMPTOM
6,27,HAS_SYMPTOM
6,28,HAS_SYMPTOM
6,29,HAS_SYMPTOM
6,30,HAS_SYMPTOM
6,6,HAS_SYMPTOM
6,31,HAS_SYMPTOM
7,32,HAS_SYMPTOM
7,33,HAS_SYMPTOM
7,34,HAS_SYMPTOM
7,35,HAS_SYMPTOM
8,36,HAS_SYMPTOM
8,37,HAS_SYMPTOM
8,25,HAS_SYMPTOM
8,38,HAS_SYMPTOM
8,39,HAS_SYMPTOM
9,40,HAS_SYMPTOM
9,41,HAS_SYMPTOM
9,42,HAS_SYMPTOM
9,43,HAS_SYMPTOM
9,44,HAS_SYMPTOM
9,45,HAS_SYMPTOM
10,46,HAS_SYMPTOM
10,40,HAS_SYMPTOM
10,47,HAS_SYMPTOM
10,41,HAS_SYMPTOM
10,48,HAS_SYMPTOM
10,49,HAS_SYMPTOM
11,50,HAS_SYMPTOM
11,51,HAS_SYMPTOM
11,52,HAS_SYMPTOM
11,53,HAS_SYMPTOM
12,54,HAS_SYMPTOM
13,55,HAS_SYMPTOM
13,56,HAS_SYMPTOM
13,57,HAS_SYMPTOM
13,58,HAS_SYMPTOM
13,59,HAS_SYMPTOM
13,60,HAS_SYMPTOM
14,61,HAS_SYMPTOM
14,41,HAS_SYMPTOM
14,62,HAS_SYMPTOM
14,63,HAS_SYMPTOM
15,64,HAS_SYMPTOM
15,65,HAS_SYMPTOM
16,64,HAS_SYMPTOM
16,65,HAS_SYMPTOM
17,61,HAS_SYMPTOM
17,41,HAS_SYMPTOM
17,66,HAS_SYMPTOM
17,67,HAS_SYMPTOM
17,68,HAS_SYMPTOM
17,69,HAS_SYMPTOM
18,61,HAS_SYMPTOM
18,41,HAS_SYMPTOM
18,65,HAS_SYMPTOM
19,70,HAS_SYMPTOM
20,71,HAS_SYMPTOM
20,72,HAS_SYMPTOM
20,41,HAS_SYMPTOM
20,73,HAS_SYMPTOM
21,41,HAS_SYMPTOM
21,40,HAS_SYMPTOM
21,47,HAS_SYMPTOM
21,74,HAS_SYMPTOM
22,41,HAS_SYMPTOM
22,40,HAS_SYMPTOM
22,75,HAS_SYMPTOM
22,76,HAS_SYMPTOM
23,41,HAS_SYMPTOM
23,40,HAS_SYMPTOM
23,75,HAS_SYMPTOM
23,76,HAS_SYMPTOM
24,77,HAS_SYMPTOM
25,41,HAS_SYMPTOM
25,40,HAS_SYMPTOM
25,75,HAS_SYMPTOM
25,76,HAS_SYMPTOM
26,78,HAS_SYMPTOM
26,79,HAS_SYMPTOM
26,30,HAS_SYMPTOM
26,80,HAS_SYMPTOM
27,81,HAS_SYMPTOM
27,79,HAS_SYMPTOM
27,82,HAS_SYMPTOM
27,83,HAS_SYMPTOM
28,84,HAS_SYMPTOM
28,85,HAS_SYMPTOM
29,41,HAS_SYMPTOM
29,40,HAS_SYMPTOM
29,46,HAS_SYMPTOM
29,79,HAS_SYMPTOM
29,86,HAS_SYMPTOM
30,87,HAS_SYMPTOM
30,80,HAS_SYMPTOM
30,71,HAS_SYMPTOM
30,88,HAS_SYMPTOM
31,89,HAS_SYMPTOM
31,90,HAS_SYMPTOM
32,91,HAS_SYMPTOM
32,30,HAS_SYMPTOM
32,92,HAS_SYMPTOM
32,93,HAS_SYMPTOM
32,94,HAS_SYMPTOM
33,95,HAS_SYMPTOM
33,96,HAS_SYMPTOM
34,97,HAS_SYMPTOM
34,98,HAS_SYMPTOM
34,99,HAS_SYMPTOM
35,100,HAS_SYMPTOM
36,92,HAS_SYMPTOM
36,93,HAS_SYMPTOM
36,101,HAS_SYMPTOM
37,102,HAS_SYMPTOM
37,103,HAS_SYMPTOM
38,104,HAS_SYMPTOM
39,95,HAS_SYMPTOM
39,96,HAS_SYMPTOM
40,105,HAS_SYMPTOM
40,106,HAS_SYMPTOM
40,107,HAS_SYMPTOM
41,108,HAS_SYMPTOM
42,109,HAS_SYMPTOM
43,110,HAS_SYMPTOM
43,111,HAS_SYMPTOM
44,112,HAS_SYMPTOM
45,113,HAS_SYMPTOM
45,114,HAS_SYMPTOM
46,115,HAS_SYMPTOM
47,116,HAS_SYMPTOM
48,117,HAS_SYMPTOM
49,79,HAS_SYMPTOM
49,118,HAS_SYMPTOM
49,119,HAS_SYMPTOM
49,25,HAS_SYMPTOM
50,120,HAS_SYMPTOM
50,121,HAS_SYMPTOM
50,122,HAS_SYMPTOM
50,123,HAS_SYMPTOM
51,124,HAS_SYMPTOM
51,80,HAS_SYMPTOM
51,125,HAS_SYMPTOM
52,126,HAS_SYMPTOM
52,127,HAS_SYMPTOM
52,128,HAS_SYMPTOM
53,129,HAS_SYMPTOM
53,130,HAS_SYMPTOM
53,41,HAS_SYMPTOM
53,72,HAS_SYMPTOM
54,131,HAS_SYMPTOM
54,132,HAS_SYMPTOM
55,133,HAS_SYMPTOM
55,134,HAS_SYMPTOM
56,135,HAS_SYMPTOM
56,136,HAS_SYMPTOM
57,137,HAS_SYMPTOM
58,138,HAS_SYMPTOM
59,139,HAS_SYMPTOM
60,140,HAS_SYMPTOM
60,141,HAS_SYMPTOM
60,41,HAS_SYMPTOM
60,142,HAS_SYMPTOM
60,143,HAS_SYMPTOM
61,144,HAS_SYMPTOM
62,145,HAS_SYMPTOM
62,25,HAS_SYMPTOM
62,146,HAS_SYMPTOM
62,147,HAS_SYMPTOM
63,80,HAS_SYMPTOM
63,23,HAS_SYMPTOM
63,148,HAS_SYMPTOM
63,4,HAS_SYMPTOM
64,149,HAS_SYMPTOM
64,150,HAS_SYMPTOM
65,151,HAS_SYMPTOM
66,152,HAS_SYMPTOM
66,153,HAS_SYMPTOM
67,63,HAS_SYMPTOM
67,154,HAS_SYMPTOM
67,155,HAS_SYMPTOM
68,156,HAS_SYMPTOM
68,63,HAS_SYMPTOM
68,157,HAS_SYMPTOM
69,158,HAS_SYMPTOM
69,159,HAS_SYMPTOM
69,160,HAS_SYMPTOM
70,161,HAS_SYMPTOM
70,162,HAS_SYMPTOM
70,163,HAS_SYMPTOM
71,164,HAS_SYMPTOM
71,165,HAS_SYMPTOM
72,21,HAS_SYMPTOM
72,166,HAS_SYMPTOM
72,167,HAS_SYMPTOM
72,168,HAS_SYMPTOM
72,80,HAS_SYMPTOM
72,19,HAS_SYMPTOM
72,20,HAS_SYMPTOM
73,169,HAS_SYMPTOM
73,170,HAS_SYMPTOM
73,171,HAS_SYMPTOM
74,152,HAS_SYMPTOM
74,172,HAS_SYMPTOM
74,173,HAS_SYMPTOM
75,174,HAS_SYMPTOM
75,175,HAS_SYMPTOM
75,176,HAS_SYMPTOM
75,177,HAS_SYMPTOM
75,19,HAS_SYMPTOM
75,20,HAS_SYMPTOM
75,178,HAS_SYMPTOM
75,179,HAS_SYMPTOM
75,180,HAS_SYMPTOM
76,80,HAS_SYMPTOM
76,175,HAS_SYMPTOM
76,181,HAS_SYMPTOM
76,182,HAS_SYMPTOM
76,29,HAS_SYMPTOM
76,168,HAS_SYMPTOM
76,56,HAS_SYMPTOM
77,183,HAS_SYMPTOM
77,4,HAS_SYMPTOM
77,7,HAS_SYMPTOM
77,82,HAS_SYMPTOM
78,30,HAS_SYMPTOM
78,29,HAS_SYMPTOM
78,6,HAS_SYMPTOM
78,184,HAS_SYMPTOM
78,31,HAS_SYMPTOM
78,185,HAS_SYMPTOM
79,186,HAS_SYMPTOM
79,187,HAS_SYMPTOM
79,188,HAS_SYMPTOM
79,189,HAS_SYMPTOM
79,190,HAS_SYMPTOM
79,191,HAS_SYMPTOM
79,192,HAS_SYMPTOM
80,193,HAS_SYMPTOM
80,194,HAS_SYMPTOM
80,195,HAS_SYMPTOM
80,196,HAS_SYMPTOM
80,197,HAS_SYMPTOM
81,124,HAS_SYMPTOM
81,80,HAS_SYMPTOM
81,125,HAS_SYMPTOM
81,198,HAS_SYMPTOM
81,199,HAS_SYMPTOM
82,200,HAS_SYMPTOM
82,201,HAS_SYMPTOM
82,202,HAS_SYMPTOM
82,19,HAS_SYMPTOM
82,20,HAS_SYMPTOM
82,79,HAS_SYMPTOM
82,28,HAS_SYMPTOM
82,203,HAS_SYMPTOM
83,204,HAS_SYMPTOM
83,205,HAS_SYMPTOM
83,186,HAS_SYMPTOM
83,187,HAS_SYMPTOM
84,200,HAS_SYMPTOM
84,47,HAS_SYMPTOM
84,206,HAS_SYMPTOM
84,79,HAS_SYMPTOM
84,19,HAS_SYMPTOM
84,20,HAS_SYMPTOM
84,168,HAS_SYMPTOM
84,207,HAS_SYMPTOM
85,21,HAS_SYMPTOM
85,47,HAS_SYMPTOM
85,42,HAS_SYMPTOM
85,41,HAS_SYMPTOM
85,169,HAS_SYMPTOM
85,19,HAS_SYMPTOM
85,20,HAS_SYMPTOM
85,208,HAS_SYMPTOM
85,209,HAS_SYMPTOM
86,210,HAS_SYMPTOM
86,19,HAS_SYMPTOM
86,20,HAS_SYMPTOM
86,79,HAS_SYMPTOM
86,211,HAS_SYMPTOM
86,212,HAS_SYMPTOM
86,175,HAS_SYMPTOM
87,46,HAS_SYMPTOM
87,213,HAS_SYMPTOM
87,41,HAS_SYMPTOM
87,214,HAS_SYMPTOM
87,215,HAS_SYMPTOM
87,216,HAS_SYMPTOM
87,217,HAS_SYMPTOM
87,79,HAS_SYMPTOM
88,218,HAS_SYMPTOM
88,4,HAS_SYMPTOM
88,219,HAS_SYMPTOM
88,220,HAS_SYMPTOM
88,221,HAS_SYMPTOM
89,222,HAS_SYMPTOM
89,223,HAS_SYMPTOM
89,224,HAS_SYMPTOM
90,4,HAS_SYMPTOM
90,225,HAS_SYMPTOM
90,226,HAS_SYMPTOM
90,219,HAS_SYMPTOM
90,80,HAS_SYMPTOM
90,56,HAS_SYMPTOM
91,152,HAS_SYMPTOM
91,227,HAS_SYMPTOM
91,21,HAS_SYMPTOM
91,19,HAS_SYMPTOM
91,80,HAS_SYMPTOM
91,228,HAS_SYMPTOM
92,229,HAS_SYMPTOM
92,230,HAS_SYMPTOM
92,231,HAS_SYMPTOM
92,232,HAS_SYMPTOM
92,233,HAS_SYMPTOM
92,30,HAS_SYMPTOM
92,80,HAS_SYMPTOM
92,234,HAS_SYMPTOM
93,235,HAS_SYMPTOM
93,236,HAS_SYMPTOM
93,237,HAS_SYMPTOM
93,238,HAS_SYMPTOM
93,239,HAS_SYMPTOM
93,240,HAS_SYMPTOM
93,241,HAS_SYMPTOM
93,242,HAS_SYMPTOM
94,243,HAS_SYMPTOM
94,244,HAS_SYMPTOM
94,245,HAS_SYMPTOM
94,246,HAS_SYMPTOM
94,247,HAS_SYMPTOM
94,248,HAS_SYMPTOM
94,249,HAS_SYMPTOM
94,250,HAS_SYMPTOM
94,251,HAS_SYMPTOM
95,252,HAS_SYMPTOM
95,253,HAS_SYMPTOM
95,254,HAS_SYMPTOM
95,255,HAS_SYMPTOM
95,256,HAS_SYMPTOM
95,257,HAS_SYMPTOM
95,258,HAS_SYMPTOM
95,259,HAS_SYMPTOM
95,260,HAS_SYMPTOM
96,261,HAS_SYMPTOM
96,262,HAS_SYMPTOM
96,263,HAS_SYMPTOM
96,264,HAS_SYMPTOM
96,265,HAS_SYMPTOM
96,266,HAS_SYMPTOM
96,267,HAS_SYMPTOM
96,268,HAS_SYMPTOM
96,269,HAS_SYMPTOM
97,270,HAS_SYMPTOM
97,271,HAS_SYMPTOM
97,272,HAS_SYMPTOM
97,273,HAS_SYMPTOM
97,274,HAS_SYMPTOM
97,275,HAS_SYMPTOM
97,276,HAS_SYMPTOM
97,277,HAS_SYMPTOM
97,248,HAS_SYMPTOM
97,278,HAS_SYMPTOM
98,279,HAS_SYMPTOM
98,271,HAS_SYMPTOM
98,280,HAS_SYMPTOM
98,281,HAS_SYMPTOM
98,282,HAS_SYMPTOM
98,283,HAS_SYMPTOM
98,284,HAS_SYMPTOM
98,265,HAS_SYMPTOM
98,285,HAS_SYMPTOM
98,248,HAS_SYMPTOM
98,286,HAS_SYMPTOM
99,287,HAS_SYMPTOM
99,288,HAS_SYMPTOM
99,289,HAS_SYMPTOM
99,290,HAS_SYMPTOM
99,291,HAS_SYMPTOM
99,275,HAS_SYMPTOM
99,292,HAS_SYMPTOM
100,279,HAS_SYMPTOM
100,271,HAS_SYMPTOM
100,280,HAS_SYMPTOM
100,281,HAS_SYMPTOM
100,282,HAS_SYMPTOM
100,283,HAS_SYMPTOM
100,284,HAS_SYMPTOM
100,265,HAS_SYMPTOM
100,293,HAS_SYMPTOM
100,248,HAS_SYMPTOM
100,286,HAS_SYMPTOM
101,294,HAS_SYMPTOM
101,295,HAS_SYMPTOM
101,296,HAS_SYMPTOM
101,297,HAS_SYMPTOM
101,267,HAS_SYMPTOM
101,298,HAS_SYMPTOM
101,299,HAS_SYMPTOM
101,300,HAS_SYMPTOM
101,301,HAS_SYMPTOM
101,302,HAS_SYMPTOM
101,303,HAS_SYMPTOM
101,304,HAS_SYMPTOM
102,305,HAS_SYMPTOM
102,4,HAS_SYMPTOM
102,80,HAS_SYMPTOM
102,306,HAS_SYMPTOM
102,6,HAS_SYMPTOM
102,19,HAS_SYMPTOM
102,2,HAS_SYMPTOM
102,307,HAS_SYMPTOM
102,308,HAS_SYMPTOM
103,309,HAS_SYMPTOM
103,310,HAS_SYMPTOM
103,311,HAS_SYMPTOM
103,80,HAS_SYMPTOM
103,312,HAS_SYMPTOM
103,313,HAS_SYMPTOM
103,314,HAS_SYMPTOM
103,315,HAS_SYMPTOM
103,316,HAS_SYMPTOM
103,317,HAS_SYMPTOM
103,318,HAS_SYMPTOM
104,142,HAS_SYMPTOM
104,319,HAS_SYMPTOM
104,320,HAS_SYMPTOM
104,80,HAS_SYMPTOM
104,321,HAS_SYMPTOM
104,322,HAS_SYMPTOM
104,323,HAS_SYMPTOM
104,324,HAS_SYMPTOM
104,325,HAS_SYMPTOM
104,199,HAS_SYMPTOM
104,326,HAS_SYMPTOM
105,327,HAS_SYMPTOM
105,328,HAS_SYMPTOM
105,25,HAS_SYMPTOM
105,329,HAS_SYMPTOM
105,330,HAS_SYMPTOM
105,331,HAS_SYMPTOM
105,332,HAS_SYMPTOM
105,333,HAS_SYMPTOM
105,334,HAS_SYMPTOM
106,335,HAS_SYMPTOM
106,336,HAS_SYMPTOM
106,337,HAS_SYMPTOM
106,338,HAS_SYMPTOM
106,339,HAS_SYMPTOM
106,340,HAS_SYMPTOM
107,341,HAS_SYMPTOM
107,342,HAS_SYMPTOM
107,343,HAS_SYMPTOM
107,99,HAS_SYMPTOM
107,344,HAS_SYMPTOM
107,345,HAS_SYMPTOM
107,47,HAS_SYMPTOM
107,346,HAS_SYMPTOM
108,347,HAS_SYMPTOM
108,348,HAS_SYMPTOM
108,19,HAS_SYMPTOM
108,20,HAS_SYMPTOM
108,79,HAS_SYMPTOM
108,349,HAS_SYMPTOM
108,350,HAS_SYMPTOM
108,206,HAS_SYMPTOM
108,41,HAS_SYMPTOM
108,351,HAS_SYMPTOM
108,352,HAS_SYMPTOM
109,353,HAS_SYMPTOM
109,354,HAS_SYMPTOM
109,355,HAS_SYMPTOM
109,356,HAS_SYMPTOM
109,357,HAS_SYMPTOM
109,358,HAS_SYMPTOM
109,359,HAS_SYMPTOM
109,360,HAS_SYMPTOM
110,361,HAS_SYMPTOM
110,362,HAS_SYMPTOM
110,79,HAS_SYMPTOM
110,30,HAS_SYMPTOM
110,363,HAS_SYMPTOM
110,364,HAS_SYMPTOM
110,365,HAS_SYMPTOM
110,366,HAS_SYMPTOM
110,367,HAS_SYMPTOM
110,368,HAS_SYMPTOM
111,369,HAS_SYMPTOM
111,370,HAS_SYMPTOM
111,371,HAS_SYMPTOM
111,372,HAS_SYMPTOM
111,373,HAS_SYMPTOM
111,225,HAS_SYMPTOM
111,374,HAS_SYMPTOM
111,375,HAS_SYMPTOM
111,376,HAS_SYMPTOM
112,4,HAS_SYMPTOM
112,377,HAS_SYMPTOM
112,378,HAS_SYMPTOM
112,379,HAS_SYMPTOM
112,380,HAS_SYMPTOM
112,381,HAS_SYMPTOM
112,80,HAS_SYMPTOM
112,382,HAS_SYMPTOM
112,383,HAS_SYMPTOM
112,384,HAS_SYMPTOM
113,233,HAS_SYMPTOM
113,4,HAS_SYMPTOM
113,225,HAS_SYMPTOM
113,171,HAS_SYMPTOM
113,79,HAS_SYMPTOM
113,385,HAS_SYMPTOM
113,80,HAS_SYMPTOM
113,56,HAS_SYMPTOM
113,386,HAS_SYMPTOM
114,387,HAS_SYMPTOM
114,388,HAS_SYMPTOM
114,389,HAS_SYMPTOM
114,98,HAS_SYMPTOM
114,390,HAS_SYMPTOM
114,391,HAS_SYMPTOM
114,392,HAS_SYMPTOM
114,393,HAS_SYMPTOM
114,394,HAS_SYMPTOM
114,197,HAS_SYMPTOM
115,395,HAS_SYMPTOM
115,82,HAS_SYMPTOM
115,396,HAS_SYMPTOM
115,83,HAS_SYMPTOM
115,184,HAS_SYMPTOM
115,168,HAS_SYMPTOM
115,397,HAS_SYMPTOM
115,398,HAS_SYMPTOM
115,399,HAS_SYMPTOM
115,400,HAS_SYMPTOM
115,401,HAS_SYMPTOM
115,402,HAS_SYMPTOM
116,101,HAS_SYMPTOM
116,46,HAS_SYMPTOM
116,41,HAS_SYMPTOM
116,92,HAS_SYMPTOM
116,403,HAS_SYMPTOM
116,404,HAS_SYMPTOM
116,405,HAS_SYMPTOM
116,406,HAS_SYMPTOM
116,98,HAS_SYMPTOM
116,79,HAS_SYMPTOM
117,82,HAS_SYMPTOM
118,407,HAS_SYMPTOM
118,408,HAS_SYMPTOM
119,409,HAS_SYMPTOM
119,410,HAS_SYMPTOM
120,411,HAS_SYMPTOM
120,412,HAS_SYMPTOM
120,246,HAS_SYMPTOM
121,30,HAS_SYMPTOM
121,79,HAS_SYMPTOM
121,80,HAS_SYMPTOM
121,233,HAS_SYMPTOM
121,413,HAS_SYMPTOM
121,414,HAS_SYMPTOM
122,415,HAS_SYMPTOM
122,416,HAS_SYMPTOM
123,21,HAS_SYMPTOM
123,206,HAS_SYMPTOM
123,417,HAS_SYMPTOM
123,19,HAS_SYMPTOM
123,418,HAS_SYMPTOM
124,71,HAS_SYMPTOM
124,41,HAS_SYMPTOM
124,47,HAS_SYMPTOM
124,122,HAS_SYMPTOM
125,82,HAS_SYMPTOM
125,419,HAS_SYMPTOM
125,171,HAS_SYMPTOM
125,7,HAS_SYMPTOM
126,4,HAS_SYMPTOM
126,233,HAS_SYMPTOM
126,225,HAS_SYMPTOM
126,80,HAS_SYMPTOM
126,420,HAS_SYMPTOM
127,71,HAS_SYMPTOM
127,41,HAS_SYMPTOM
127,72,HAS_SYMPTOM
127,122,HAS_SYMPTOM
127,79,HAS_SYMPTOM
127,421,HAS_SYMPTOM
128,422,HAS_SYMPTOM
128,423,HAS_SYMPTOM
128,424,HAS_SYMPTOM
129,425,HAS_SYMPTOM
129,79,HAS_SYMPTOM
129,426,HAS_SYMPTOM
129,427,HAS_SYMPTOM
130,193,HAS_SYMPTOM
130,428,HAS_SYMPTOM
130,142,HAS_SYMPTOM
130,429,HAS_SYMPTOM
131,430,HAS_SYMPTOM
131,31,HAS_SYMPTOM
131,186,HAS_SYMPTOM
131,431,HAS_SYMPTOM
132,79,HAS_SYMPTOM
132,171,HAS_SYMPTOM
132,432,HAS_SYMPTOM
133,433,HAS_SYMPTOM
133,434,HAS_SYMPTOM
133,435,HAS_SYMPTOM
134,436,HAS_SYMPTOM
134,177,HAS_SYMPTOM
134,176,HAS_SYMPTOM
135,437,HAS_SYMPTOM
135,438,HAS_SYMPTOM
135,41,HAS_SYMPTOM
135,439,HAS_SYMPTOM
135,440,HAS_SYMPTOM
136,441,HAS_SYMPTOM
136,72,HAS_SYMPTOM
136,122,HAS_SYMPTOM
136,442,HAS_SYMPTOM
137,443,HAS_SYMPTOM
137,79,HAS_SYMPTOM
137,444,HAS_SYMPTOM
137,82,HAS_SYMPTOM
137,168,HAS_SYMPTOM
138,19,HAS_SYMPTOM
138,20,HAS_SYMPTOM
138,281,HAS_SYMPTOM
138,6,HAS_SYMPTOM
138,29,HAS_SYMPTOM
138,31,HAS_SYMPTOM
138,445,HAS_SYMPTOM
138,203,HAS_SYMPTOM
138,398,HAS_SYMPTOM
139,46,HAS_SYMPTOM
139,41,HAS_SYMPTOM
139,213,HAS_SYMPTOM
139,446,HAS_SYMPTOM
139,447,HAS_SYMPTOM
139,79,HAS_SYMPTOM
139,448,HAS_SYMPTOM
140,449,HAS_SYMPTOM
140,80,HAS_SYMPTOM
140,23,HAS_SYMPTOM
140,450,HAS_SYMPTOM
140,451,HAS_SYMPTOM
140,452,HAS_SYMPTOM
140,453,HAS_SYMPTOM
141,454,HAS_SYMPTOM
141,455,HAS_SYMPTOM
141,456,HAS_SYMPTOM
141,457,HAS_SYMPTOM
141,458,HAS_SYMPTOM
142,459,HAS_SYMPTOM
142,460,HAS_SYMPTOM
142,47,HAS_SYMPTOM
142,41,HAS_SYMPTOM
142,461,HAS_SYMPTOM
143,462,HAS_SYMPTOM
143,463,HAS_SYMPTOM
143,464,HAS_SYMPTOM
143,327,HAS_SYMPTOM
143,465,HAS_SYMPTOM
143,209,HAS_SYMPTOM
144,80,HAS_SYMPTOM
144,6,HAS_SYMPTOM
144,466,HAS_SYMPTOM
144,378,HAS_SYMPTOM
144,4,HAS_SYMPTOM
144,467,HAS_SYMPTOM
145,468,HAS_SYMPTOM
145,469,HAS_SYMPTOM
146,470,HAS_SYMPTOM
146,471,HAS_SYMPTOM
146,472,HAS_SYMPTOM
146,473,HAS_SYMPTOM
147,474,HAS_SYMPTOM
147,80,HAS_SYMPTOM
147,23,HAS_SYMPTOM
147,168,HAS_SYMPTOM
147,19,HAS_SYMPTOM
147,20,HAS_SYMPTOM
147,267,HAS_SYMPTOM
147,475,HAS_SYMPTOM
147,306,HAS_SYMPTOM
147,136,HAS_SYMPTOM
147,476,HAS_SYMPTOM
147,31,HAS_SYMPTOM
148,477,HAS_SYMPTOM
148,478,HAS_SYMPTOM
148,479,HAS_SYMPTOM
148,480,HAS_SYMPTOM
148,481,HAS_SYMPTOM
149,482,HAS_SYMPTOM
149,483,HAS_SYMPTOM
149,79,HAS_SYMPTOM
150,484,HAS_SYMPTOM
150,485,HAS_SYMPTOM
150,486,HAS_SYMPTOM
151,487,HAS_SYMPTOM
151,488,HAS_SYMPTOM
151,489,HAS_SYMPTOM
151,154,HAS_SYMPTOM
151,490,HAS_SYMPTOM
151,491,HAS_SYMPTOM
152,80,HAS_SYMPTOM
152,4,HAS_SYMPTOM
152,378,HAS_SYMPTOM
152,492,HAS_SYMPTOM
152,493,HAS_SYMPTOM
152,494,HAS_SYMPTOM
153,171,HAS_SYMPTOM
153,495,HAS_SYMPTOM
154,496,HAS_SYMPTOM
154,497,HAS_SYMPTOM
154,498,HAS_SYMPTOM
154,499,HAS_SYMPTOM
154,500,HAS_SYMPTOM
155,501,HAS_SYMPTOM
155,502,HAS_SYMPTOM
155,503,HAS_SYMPTOM
155,31,HAS_SYMPTOM
155,504,HAS_SYMPTOM
156,505,HAS_SYMPTOM
156,506,HAS_SYMPTOM
156,507,HAS_SYMPTOM
156,130,HAS_SYMPTOM
156,508,HAS_SYMPTOM
156,122,HAS_SYMPTOM
157,509,HAS_SYMPTOM
157,510,HAS_SYMPTOM
157,511,HAS_SYMPTOM
158,80,HAS_SYMPTOM
158,512,HAS_SYMPTOM
158,513,HAS_SYMPTOM
158,88,HAS_SYMPTOM
158,330,HAS_SYMPTOM
158,514,HAS_SYMPTOM
158,515,HAS_SYMPTOM
158,516,HAS_SYMPTOM
159,517,HAS_SYMPTOM
159,518,HAS_SYMPTOM
159,267,HAS_SYMPTOM
159,519,HAS_SYMPTOM
160,520,HAS_SYMPTOM
161,80,HAS_SYMPTOM
161,23,HAS_SYMPTOM
161,148,HAS_SYMPTOM
161,4,HAS_SYMPTOM
161,521,HAS_SYMPTOM
161,522,HAS_SYMPTOM
161,523,HAS_SYMPTOM
162,524,HAS_SYMPTOM
162,525,HAS_SYMPTOM
162,526,HAS_SYMPTOM
162,527,HAS_SYMPTOM
162,528,HAS_SYMPTOM
163,529,HAS_SYMPTOM
163,530,HAS_SYMPTOM
163,531,HAS_SYMPTOM
163,532,HAS_SYMPTOM
163,323,HAS_SYMPTOM
164,533,HAS_SYMPTOM
164,534,HAS_SYMPTOM
164,79,HAS_SYMPTOM
164,80,HAS_SYMPTOM
164,535,HAS_SYMPTOM
164,4,HAS_SYMPTOM
164,56,HAS_SYMPTOM
165,30,HAS_SYMPTOM
165,6,HAS_SYMPTOM
165,184,HAS_SYMPTOM
165,29,HAS_SYMPTOM
165,536,HAS_SYMPTOM
165,537,HAS_SYMPTOM
165,199,HAS_SYMPTOM
166,538,HAS_SYMPTOM
166,539,HAS_SYMPTOM
166,540,HAS_SYMPTOM
167,80,HAS_SYMPTOM
167,541,HAS_SYMPTOM
167,263,HAS_SYMPTOM
167,519,HAS_SYMPTOM
167,542,HAS_SYMPTOM
167,543,HAS_SYMPTOM
167,140,HAS_SYMPTOM
168,25,HAS_SYMPTOM
168,544,HAS_SYMPTOM
168,146,HAS_SYMPTOM
169,101,HAS_SYMPTOM
169,92,HAS_SYMPTOM
169,99,HAS_SYMPTOM
170,545,HAS_SYMPTOM
170,546,HAS_SYMPTOM
171,515,HAS_SYMPTOM
171,40,HAS_SYMPTOM
171,547,HAS_SYMPTOM
172,80,HAS_SYMPTOM
172,443,HAS_SYMPTOM
172,548,HAS_SYMPTOM
173,549,HAS_SYMPTOM
173,550,HAS_SYMPTOM
174,21,HAS_SYMPTOM
174,140,HAS_SYMPTOM
174,551,HAS_SYMPTOM
175,552,HAS_SYMPTOM
175,553,HAS_SYMPTOM
175,554,HAS_SYMPTOM
176,80,HAS_SYMPTOM
176,56,HAS_SYMPTOM
176,555,HAS_SYMPTOM
177,23,HAS_SYMPTOM
177,154,HAS_SYMPTOM
177,556,HAS_SYMPTOM
178,417,HAS_SYMPTOM
178,557,HAS_SYMPTOM
178,171,HAS_SYMPTOM
179,558,HAS_SYMPTOM
179,559,HAS_SYMPTOM
179,101,HAS_SYMPTOM
180,19,HAS_SYMPTOM
180,20,HAS_SYMPTOM
180,202,HAS_SYMPTOM
180,560,HAS_SYMPTOM
181,561,HAS_SYMPTOM
181,562,HAS_SYMPTOM
182,515,HAS_SYMPTOM
182,80,HAS_SYMPTOM
182,563,HAS_SYMPTOM
183,564,HAS_SYMPTOM
183,6,HAS_SYMPTOM
183,29,HAS_SYMPTOM
183,2,HAS_SYMPTOM
184,565,HAS_SYMPTOM
185,41,HAS_SYMPTOM
185,437,HAS_SYMPTOM
185,566,HAS_SYMPTOM
186,30,HAS_SYMPTOM
186,6,HAS_SYMPTOM
186,19,HAS_SYMPTOM
186,29,HAS_SYMPTOM
187,171,HAS_SYMPTOM
187,4,HAS_SYMPTOM
187,1,HAS_SYMPTOM
188,459,HAS_SYMPTOM
188,47,HAS_SYMPTOM
188,567,HAS_SYMPTOM
189,568,HAS_SYMPTOM
189,569,HAS_SYMPTOM
190,281,HAS_SYMPTOM
190,29,HAS_SYMPTOM
190,570,HAS_SYMPTOM
191,571,HAS_SYMPTOM
192,572,HAS_SYMPTOM
192,573,HAS_SYMPTOM
193,417,HAS_SYMPTOM
193,171,HAS_SYMPTOM
193,82,HAS_SYMPTOM
194,574,HAS_SYMPTOM
194,575,HAS_SYMPTOM
194,576,HAS_SYMPTOM
195,577,HAS_SYMPTOM
195,188,HAS_SYMPTOM
195,578,HAS_SYMPTOM
195,579,HAS_SYMPTOM
196,580,HAS_SYMPTOM
196,581,HAS_SYMPTOM
197,425,HAS_SYMPTOM
197,188,HAS_SYMPTOM
197,582,HAS_SYMPTOM
198,583,HAS_SYMPTOM
198,584,HAS_SYMPTOM
198,585,HAS_SYMPTOM
199,586,HAS_SYMPTOM
199,71,HAS_SYMPTOM
199,80,HAS_SYMPTOM
200,587,HAS_SYMPTOM
200,588,HAS_SYMPTOM
201,543,HAS_SYMPTOM
201,25,HAS_SYMPTOM
201,146,HAS_SYMPTOM
202,225,HAS_SYMPTOM
202,4,HAS_SYMPTOM
202,219,HAS_SYMPTOM
203,91,HAS_SYMPTOM
203,92,HAS_SYMPTOM
203,93,HAS_SYMPTOM
204,589,HAS_SYMPTOM
204,41,HAS_SYMPTOM
204,590,HAS_SYMPTOM
205,591,HAS_SYMPTOM
206,80,HAS_SYMPTOM
206,19,HAS_SYMPTOM
206,592,HAS_SYMPTOM
206,593,HAS_SYMPTOM
207,594,HAS_SYMPTOM
208,595,HAS_SYMPTOM
208,543,HAS_SYMPTOM
208,25,HAS_SYMPTOM
209,596,HAS_SYMPTOM
210,597,HAS_SYMPTOM
211,598,HAS_SYMPTOM
211,599,HAS_SYMPTOM
211,600,HAS_SYMPTOM
212,21,HAS_SYMPTOM
212,206,HAS_SYMPTOM
212,208,HAS_SYMPTOM
213,601,HAS_SYMPTOM
213,602,HAS_SYMPTOM
213,41,HAS_SYMPTOM
214,603,HAS_SYMPTOM
214,604,HAS_SYMPTOM
214,605,HAS_SYMPTOM
215,79,HAS_SYMPTOM
215,30,HAS_SYMPTOM
215,606,HAS_SYMPTOM
215,421,HAS_SYMPTOM
216,548,HAS_SYMPTOM
216,167,HAS_SYMPTOM
216,80,HAS_SYMPTOM
217,46,HAS_SYMPTOM
217,528,HAS_SYMPTOM
217,421,HAS_SYMPTOM
217,607,HAS_SYMPTOM
218,80,HAS_SYMPTOM
218,23,HAS_SYMPTOM
218,148,HAS_SYMPTOM
219,21,HAS_SYMPTOM
219,608,HAS_SYMPTOM
219,555,HAS_SYMPTOM
220,609,HAS_SYMPTOM
220,91,HAS_SYMPTOM
220,92,HAS_SYMPTOM
221,610,HAS_SYMPTOM
222,421,HAS_SYMPTOM
222,528,HAS_SYMPTOM
222,46,HAS_SYMPTOM
222,611,HAS_SYMPTOM
223,612,HAS_SYMPTOM
223,29,HAS_SYMPTOM
223,613,HAS_SYMPTOM
224,614,HAS_SYMPTOM
224,615,HAS_SYMPTOM
225,552,HAS_SYMPTOM
225,206,HAS_SYMPTOM
225,616,HAS_SYMPTOM
225,267,HAS_SYMPTOM
226,101,HAS_SYMPTOM
226,41,HAS_SYMPTOM
226,46,HAS_SYMPTOM
226,617,HAS_SYMPTOM
227,40,HAS_SYMPTOM
227,41,HAS_SYMPTOM
227,42,HAS_SYMPTOM
227,567,HAS_SYMPTOM
228,29,HAS_SYMPTOM
228,618,HAS_SYMPTOM
228,476,HAS_SYMPTOM
228,575,HAS_SYMPTOM
229,619,HAS_SYMPTOM
229,620,HAS_SYMPTOM
229,80,HAS_SYMPTOM
229,167,HAS_SYMPTOM
230,621,HAS_SYMPTOM
230,79,HAS_SYMPTOM
230,56,HAS_SYMPTOM
230,622,HAS_SYMPTOM
231,79,HAS_SYMPTOM
231,80,HAS_SYMPTOM
231,606,HAS_SYMPTOM
231,623,HAS_SYMPTOM
232,515,HAS_SYMPTOM
232,624,HAS_SYMPTOM
232,625,HAS_SYMPTOM
233,4,HAS_SYMPTOM
233,626,HAS_SYMPTOM
233,80,HAS_SYMPTOM
234,80,HAS_SYMPTOM
234,4,HAS_SYMPTOM
234,492,HAS_SYMPTOM
235,575,HAS_SYMPTOM
235,72,HAS_SYMPTOM
235,627,HAS_SYMPTOM
236,628,HAS_SYMPTOM
236,41,HAS_SYMPTOM
236,46,HAS_SYMPTOM
237,425,HAS_SYMPTOM
237,79,HAS_SYMPTOM
237,426,HAS_SYMPTOM
238,80,HAS_SYMPTOM
238,629,HAS_SYMPTOM
238,630,HAS_SYMPTOM
239,120,HAS_SYMPTOM
239,41,HAS_SYMPTOM
239,122,HAS_SYMPTOM
240,32,HAS_SYMPTOM
240,631,HAS_SYMPTOM
240,80,HAS_SYMPTOM
241,152,HAS_SYMPTOM
241,632,HAS_SYMPTOM
241,146,HAS_SYMPTOM
242,30,HAS_SYMPTOM
242,79,HAS_SYMPTOM
242,633,HAS_SYMPTOM
243,161,HAS_SYMPTOM
243,634,HAS_SYMPTOM
243,635,HAS_SYMPTOM
243,465,HAS_SYMPTOM
244,46,HAS_SYMPTOM
244,41,HAS_SYMPTOM
244,636,HAS_SYMPTOM
245,21,HAS_SYMPTOM
245,637,HAS_SYMPTOM
245,638,HAS_SYMPTOM
246,634,HAS_SYMPTOM
246,162,HAS_SYMPTOM
246,639,HAS_SYMPTOM
246,640,HAS_SYMPTOM
246,641,HAS_SYMPTOM
247,261,HAS_SYMPTOM
247,263,HAS_SYMPTOM
247,349,HAS_SYMPTOM
248,642,HAS_SYMPTOM
248,72,HAS_SYMPTOM
248,643,HAS_SYMPTOM
249,6,HAS_SYMPTOM
249,203,HAS_SYMPTOM
249,644,HAS_SYMPTOM
249,19,HAS_SYMPTOM
249,20,HAS_SYMPTOM
250,645,HAS_SYMPTOM
250,646,HAS_SYMPTOM
251,647,HAS_SYMPTOM
251,648,HAS_SYMPTOM
251,29,HAS_SYMPTOM
252,80,HAS_SYMPTOM
252,649,HAS_SYMPTOM
252,71,HAS_SYMPTOM
253,650,HAS_SYMPTOM
253,651,HAS_SYMPTOM
254,421,HAS_SYMPTOM
254,528,HAS_SYMPTOM
254,41,HAS_SYMPTOM
254,169,HAS_SYMPTOM
254,652,HAS_SYMPTOM
255,577,HAS_SYMPTOM
255,6,HAS_SYMPTOM
255,19,HAS_SYMPTOM
255,188,HAS_SYMPTOM
255,425,HAS_SYMPTOM
256,653,HAS_SYMPTOM
256,266,HAS_SYMPTOM
256,207,HAS_SYMPTOM
256,654,HAS_SYMPTOM
257,655,HAS_SYMPTOM
257,656,HAS_SYMPTOM
257,657,HAS_SYMPTOM
257,658,HAS_SYMPTOM
258,98,HAS_SYMPTOM
258,659,HAS_SYMPTOM
258,660,HAS_SYMPTOM
259,40,HAS_SYMPTOM
259,41,HAS_SYMPTOM
259,46,HAS_SYMPTOM
259,661,HAS_SYMPTOM
260,46,HAS_SYMPTOM
260,41,HAS_SYMPTOM
260,662,HAS_SYMPTOM
260,663,HAS_SYMPTOM
261,80,HAS_SYMPTOM
261,148,HAS_SYMPTOM
261,629,HAS_SYMPTOM
261,664,HAS_SYMPTOM
262,498,HAS_SYMPTOM
262,665,HAS_SYMPTOM
263,46,HAS_SYMPTOM
263,528,HAS_SYMPTOM
263,666,HAS_SYMPTOM
263,667,HAS_SYMPTOM
264,421,HAS_SYMPTOM
264,528,HAS_SYMPTOM
264,41,HAS_SYMPTOM
264,79,HAS_SYMPTOM
264,668,HAS_SYMPTOM
265,669,HAS_SYMPTOM
265,167,HAS_SYMPTOM
265,479,HAS_SYMPTOM
266,670,HAS_SYMPTOM
266,671,HAS_SYMPTOM
266,672,HAS_SYMPTOM
267,71,HAS_SYMPTOM
267,72,HAS_SYMPTOM
267,41,HAS_SYMPTOM
268,80,HAS_SYMPTOM
268,673,HAS_SYMPTOM
268,552,HAS_SYMPTOM
268,88,HAS_SYMPTOM
269,443,HAS_SYMPTOM
269,82,HAS_SYMPTOM
269,548,HAS_SYMPTOM
270,71,HAS_SYMPTOM
270,79,HAS_SYMPTOM
270,421,HAS_SYMPTOM
270,674,HAS_SYMPTOM
271,675,HAS_SYMPTOM
271,676,HAS_SYMPTOM
272,677,HAS_SYMPTOM
272,678,HAS_SYMPTOM
273,233,HAS_SYMPTOM
273,79,HAS_SYMPTOM
273,171,HAS_SYMPTOM
273,169,HAS_SYMPTOM
274,679,HAS_SYMPTOM
274,680,HAS_SYMPTOM
275,681,HAS_SYMPTOM
275,1,HAS_SYMPTOM
275,682,HAS_SYMPTOM
276,683,HAS_SYMPTOM
276,684,HAS_SYMPTOM
277,685,HAS_SYMPTOM
277,215,HAS_SYMPTOM
277,686,HAS_SYMPTOM
278,30,HAS_SYMPTOM
278,19,HAS_SYMPTOM
278,20,HAS_SYMPTOM
278,687,HAS_SYMPTOM
278,688,HAS_SYMPTOM
279,689,HAS_SYMPTOM
279,690,HAS_SYMPTOM
279,691,HAS_SYMPTOM
279,692,HAS_SYMPTOM
280,80,HAS_SYMPTOM
280,23,HAS_SYMPTOM
280,4,HAS_SYMPTOM
280,148,HAS_SYMPTOM
281,693,HAS_SYMPTOM
281,637,HAS_SYMPTOM
281,694,HAS_SYMPTOM
281,695,HAS_SYMPTOM
282,696,HAS_SYMPTOM
282,697,HAS_SYMPTOM
282,698,HAS_SYMPTOM
283,699,HAS_SYMPTOM
283,700,HAS_SYMPTOM
283,701,HAS_SYMPTOM
283,702,HAS_SYMPTOM
284,634,HAS_SYMPTOM
284,703,HAS_SYMPTOM
284,704,HAS_SYMPTOM
284,705,HAS_SYMPTOM
285,80,HAS_SYMPTOM
285,23,HAS_SYMPTOM
285,619,HAS_SYMPTOM
285,25,HAS_SYMPTOM
285,593,HAS_SYMPTOM
286,80,HAS_SYMPTOM
286,23,HAS_SYMPTOM
286,56,HAS_SYMPTOM
286,203,HAS_SYMPTOM
286,21,HAS_SYMPTOM
287,706,HAS_SYMPTOM
287,707,HAS_SYMPTOM
287,708,HAS_SYMPTOM
288,80,HAS_SYMPTOM
288,709,HAS_SYMPTOM
288,175,HAS_SYMPTOM
288,710,HAS_SYMPTOM
288,711,HAS_SYMPTOM
289,712,HAS_SYMPTOM
289,713,HAS_SYMPTOM
289,714,HAS_SYMPTOM
289,715,HAS_SYMPTOM
290,716,HAS_SYMPTOM
290,717,HAS_SYMPTOM
290,718,HAS_SYMPTOM
290,719,HAS_SYMPTOM
290,720,HAS_SYMPTOM
291,145,HAS_SYMPTOM
291,721,HAS_SYMPTOM
291,146,HAS_SYMPTOM
292,171,HAS_SYMPTOM
292,169,HAS_SYMPTOM
292,722,HAS_SYMPTOM
293,142,HAS_SYMPTOM
293,19,HAS_SYMPTOM
293,31,HAS_SYMPTOM
293,723,HAS_SYMPTOM
294,80,HAS_SYMPTOM
294,175,HAS_SYMPTOM
294,21,HAS_SYMPTOM
294,19,HAS_SYMPTOM
294,20,HAS_SYMPTOM
295,724,HAS_SYMPTOM
295,725,HAS_SYMPTOM
296,726,HAS_SYMPTOM
296,72,HAS_SYMPTOM
296,41,HAS_SYMPTOM
296,122,HAS_SYMPTOM
297,727,HAS_SYMPTOM
297,728,HAS_SYMPTOM
298,729,HAS_SYMPTOM
298,730,HAS_SYMPTOM
299,731,HAS_SYMPTOM
299,732,HAS_SYMPTOM
300,733,HAS_SYMPTOM
300,734,HAS_SYMPTOM
300,25,HAS_SYMPTOM
301,735,HAS_SYMPTOM
301,736,HAS_SYMPTOM
301,737,HAS_SYMPTOM
302,548,HAS_SYMPTOM
302,79,HAS_SYMPTOM
302,80,HAS_SYMPTOM
302,30,HAS_SYMPTOM
302,421,HAS_SYMPTOM
303,738,HAS_SYMPTOM
303,739,HAS_SYMPTOM
303,388,HAS_SYMPTOM
303,93,HAS_SYMPTOM
304,740,HAS_SYMPTOM
304,741,HAS_SYMPTOM
304,742,HAS_SYMPTOM
304,743,HAS_SYMPTOM
305,80,HAS_SYMPTOM
305,148,HAS_SYMPTOM
305,629,HAS_SYMPTOM
305,4,HAS_SYMPTOM
305,744,HAS_SYMPTOM
305,745,HAS_SYMPTOM
306,746,HAS_SYMPTOM
306,747,HAS_SYMPTOM
306,748,HAS_SYMPTOM
307,749,HAS_SYMPTOM
307,30,HAS_SYMPTOM
307,750,HAS_SYMPTOM
307,246,HAS_SYMPTOM
307,29,HAS_SYMPTOM
307,751,HAS_SYMPTOM
307,82,HAS_SYMPTOM
308,80,HAS_SYMPTOM
308,23,HAS_SYMPTOM
308,148,HAS_SYMPTOM
308,4,HAS_SYMPTOM
308,175,HAS_SYMPTOM
309,752,HAS_SYMPTOM
309,753,HAS_SYMPTOM
309,754,HAS_SYMPTOM
310,755,HAS_SYMPTOM
310,756,HAS_SYMPTOM
310,79,HAS_SYMPTOM
310,548,HAS_SYMPTOM
310,443,HAS_SYMPTOM
310,757,HAS_SYMPTOM
310,758,HAS_SYMPTOM
310,759,HAS_SYMPTOM
310,760,HAS_SYMPTOM
311,140,HAS_SYMPTOM
311,761,HAS_SYMPTOM
311,33,HAS_SYMPTOM
311,80,HAS_SYMPTOM
311,19,HAS_SYMPTOM
311,168,HAS_SYMPTOM
312,230,HAS_SYMPTOM
312,762,HAS_SYMPTOM
312,763,HAS_SYMPTOM
312,229,HAS_SYMPTOM
312,764,HAS_SYMPTOM
313,246,HAS_SYMPTOM
313,266,HAS_SYMPTOM
313,267,HAS_SYMPTOM
313,575,HAS_SYMPTOM
313,2,HAS_SYMPTOM
313,19,HAS_SYMPTOM
313,20,HAS_SYMPTOM
313,265,HAS_SYMPTOM
313,765,HAS_SYMPTOM
314,766,HAS_SYMPTOM
314,767,HAS_SYMPTOM
314,768,HAS_SYMPTOM
314,769,HAS_SYMPTOM
314,770,HAS_SYMPTOM
315,771,HAS_SYMPTOM
315,772,HAS_SYMPTOM
315,773,HAS_SYMPTOM
315,774,HAS_SYMPTOM
315,775,HAS_SYMPTOM
316,437,HAS_SYMPTOM
316,41,HAS_SYMPTOM
316,42,HAS_SYMPTOM
316,776,HAS_SYMPTOM
316,43,HAS_SYMPTOM
317,32,HAS_SYMPTOM
317,631,HAS_SYMPTOM
317,80,HAS_SYMPTOM
317,4,HAS_SYMPTOM
317,19,HAS_SYMPTOM
317,29,HAS_SYMPTOM
317,171,HAS_SYMPTOM
317,31,HAS_SYMPTOM
318,777,HAS_SYMPTOM
318,41,HAS_SYMPTOM
318,47,HAS_SYMPTOM
318,778,HAS_SYMPTOM
318,779,HAS_SYMPTOM
319,454,HAS_SYMPTOM
319,780,HAS_SYMPTOM
319,781,HAS_SYMPTOM
319,72,HAS_SYMPTOM
319,122,HAS_SYMPTOM
320,782,HAS_SYMPTOM
320,783,HAS_SYMPTOM
320,784,HAS_SYMPTOM
321,785,HAS_SYMPTOM
321,786,HAS_SYMPTOM
321,592,HAS_SYMPTOM
321,25,HAS_SYMPTOM
321,80,HAS_SYMPTOM
321,29,HAS_SYMPTOM
321,787,HAS_SYMPTOM
322,788,HAS_SYMPTOM
322,82,HAS_SYMPTOM
322,79,HAS_SYMPTOM
322,789,HAS_SYMPTOM
322,790,HAS_SYMPTOM
322,791,HAS_SYMPTOM
323,19,HAS_SYMPTOM
323,20,HAS_SYMPTOM
323,792,HAS_SYMPTOM
323,206,HAS_SYMPTOM
323,21,HAS_SYMPTOM
323,793,HAS_SYMPTOM
324,398,HAS_SYMPTOM
324,171,HAS_SYMPTOM
324,29,HAS_SYMPTOM
324,794,HAS_SYMPTOM
324,560,HAS_SYMPTOM
325,795,HAS_SYMPTOM
325,80,HAS_SYMPTOM
325,30,HAS_SYMPTOM
325,6,HAS_SYMPTOM
325,528,HAS_SYMPTOM
325,796,HAS_SYMPTOM
326,797,HAS_SYMPTOM
326,798,HAS_SYMPTOM
326,799,HAS_SYMPTOM
326,800,HAS_SYMPTOM
326,801,HAS_SYMPTOM
327,802,HAS_SYMPTOM
327,82,HAS_SYMPTOM
327,790,HAS_SYMPTOM
327,425,HAS_SYMPTOM
327,803,HAS_SYMPTOM
327,56,HAS_SYMPTOM
328,804,HAS_SYMPTOM
328,805,HAS_SYMPTOM
328,10,HAS_SYMPTOM
328,806,HAS_SYMPTOM
329,807,HAS_SYMPTOM
329,808,HAS_SYMPTOM
329,809,HAS_SYMPTOM
330,454,HAS_SYMPTOM
330,810,HAS_SYMPTOM
331,186,HAS_SYMPTOM
331,187,HAS_SYMPTOM
331,811,HAS_SYMPTOM
331,812,HAS_SYMPTOM
331,190,HAS_SYMPTOM
332,813,HAS_SYMPTOM
332,814,HAS_SYMPTOM
332,449,HAS_SYMPTOM
333,815,HAS_SYMPTOM
334,101,HAS_SYMPTOM
334,46,HAS_SYMPTOM
334,391,HAS_SYMPTOM
334,99,HAS_SYMPTOM
335,80,HAS_SYMPTOM
335,23,HAS_SYMPTOM
335,148,HAS_SYMPTOM
335,4,HAS_SYMPTOM
335,816,HAS_SYMPTOM
336,817,HAS_SYMPTOM
336,818,HAS_SYMPTOM
336,819,HAS_SYMPTOM
336,820,HAS_SYMPTOM
337,443,HAS_SYMPTOM
337,79,HAS_SYMPTOM
337,821,HAS_SYMPTOM
337,822,HAS_SYMPTOM
337,823,HAS_SYMPTOM
338,140,HAS_SYMPTOM
338,378,HAS_SYMPTOM
338,4,HAS_SYMPTOM
338,80,HAS_SYMPTOM
339,279,HAS_SYMPTOM
339,281,HAS_SYMPTOM
339,647,HAS_SYMPTOM
339,29,HAS_SYMPTOM
339,824,HAS_SYMPTOM
340,825,HAS_SYMPTOM
340,826,HAS_SYMPTOM
340,827,HAS_SYMPTOM
340,512,HAS_SYMPTOM
340,828,HAS_SYMPTOM
341,30,HAS_SYMPTOM
341,79,HAS_SYMPTOM
341,29,HAS_SYMPTOM
341,31,HAS_SYMPTOM
341,560,HAS_SYMPTOM
342,829,HAS_SYMPTOM
342,46,HAS_SYMPTOM
342,47,HAS_SYMPTOM
343,830,HAS_SYMPTOM
343,46,HAS_SYMPTOM
343,41,HAS_SYMPTOM
343,40,HAS_SYMPTOM
344,831,HAS_SYMPTOM
344,499,HAS_SYMPTOM
345,262,HAS_SYMPTOM
345,832,HAS_SYMPTOM
345,833,HAS_SYMPTOM
345,28,HAS_SYMPTOM
345,140,HAS_SYMPTOM
345,834,HAS_SYMPTOM
346,835,HAS_SYMPTOM
346,836,HAS_SYMPTOM
346,837,HAS_SYMPTOM
346,838,HAS_SYMPTOM
347,839,HAS_SYMPTOM
347,56,HAS_SYMPTOM
347,840,HAS_SYMPTOM
347,841,HAS_SYMPTOM
347,842,HAS_SYMPTOM
347,80,HAS_SYMPTOM
347,843,HAS_SYMPTOM
348,80,HAS_SYMPTOM
348,21,HAS_SYMPTOM
348,71,HAS_SYMPTOM
348,844,HAS_SYMPTOM
348,845,HAS_SYMPTOM
348,846,HAS_SYMPTOM
349,679,HAS_SYMPTOM
349,847,HAS_SYMPTOM
349,848,HAS_SYMPTOM
349,849,HAS_SYMPTOM
350,850,HAS_SYMPTOM
350,851,HAS_SYMPTOM
350,852,HAS_SYMPTOM
350,853,HAS_SYMPTOM
350,854,HAS_SYMPTOM
351,855,HAS_SYMPTOM
351,856,HAS_SYMPTOM
351,857,HAS_SYMPTOM
351,29,HAS_SYMPTOM
351,858,HAS_SYMPTOM
351,859,HAS_SYMPTOM
352,860,HAS_SYMPTOM
352,41,HAS_SYMPTOM
352,46,HAS_SYMPTOM
352,861,HAS_SYMPTOM
352,862,HAS_SYMPTOM
353,437,HAS_SYMPTOM
353,41,HAS_SYMPTOM
353,43,HAS_SYMPTOM
353,42,HAS_SYMPTOM
353,863,HAS_SYMPTOM
354,864,HAS_SYMPTOM
354,865,HAS_SYMPTOM
354,866,HAS_SYMPTOM
355,867,HAS_SYMPTOM
355,868,HAS_SYMPTOM
356,80,HAS_SYMPTOM
356,512,HAS_SYMPTOM
356,330,HAS_SYMPTOM
356,88,HAS_SYMPTOM
356,514,HAS_SYMPTOM
356,869,HAS_SYMPTOM
356,513,HAS_SYMPTOM
357,870,HAS_SYMPTOM
357,871,HAS_SYMPTOM
357,872,HAS_SYMPTOM
357,41,HAS_SYMPTOM
358,80,HAS_SYMPTOM
358,873,HAS_SYMPTOM
358,874,HAS_SYMPTOM
358,875,HAS_SYMPTOM
358,876,HAS_SYMPTOM
359,877,HAS_SYMPTOM
359,40,HAS_SYMPTOM
359,213,HAS_SYMPTOM
359,122,HAS_SYMPTOM
360,878,HAS_SYMPTOM
360,865,HAS_SYMPTOM
360,879,HAS_SYMPTOM
360,725,HAS_SYMPTOM
361,40,HAS_SYMPTOM
361,41,HAS_SYMPTOM
361,43,HAS_SYMPTOM
361,880,HAS_SYMPTOM
361,42,HAS_SYMPTOM
362,797,HAS_SYMPTOM
362,881,HAS_SYMPTOM
362,882,HAS_SYMPTOM
362,464,HAS_SYMPTOM
362,532,HAS_SYMPTOM
363,859,HAS_SYMPTOM
363,184,HAS_SYMPTOM
363,883,HAS_SYMPTOM
363,884,HAS_SYMPTOM
363,31,HAS_SYMPTOM
364,885,HAS_SYMPTOM
364,886,HAS_SYMPTOM
364,887,HAS_SYMPTOM
364,184,HAS_SYMPTOM
365,609,HAS_SYMPTOM
365,215,HAS_SYMPTOM
365,888,HAS_SYMPTOM
365,889,HAS_SYMPTOM
366,890,HAS_SYMPTOM
366,171,HAS_SYMPTOM
366,79,HAS_SYMPTOM
366,4,HAS_SYMPTOM
366,80,HAS_SYMPTOM
367,891,HAS_SYMPTOM
367,859,HAS_SYMPTOM
367,892,HAS_SYMPTOM
367,421,HAS_SYMPTOM
367,184,HAS_SYMPTOM
367,893,HAS_SYMPTOM
368,229,HAS_SYMPTOM
368,230,HAS_SYMPTOM
368,231,HAS_SYMPTOM
368,894,HAS_SYMPTOM
368,233,HAS_SYMPTOM
368,80,HAS_SYMPTOM
369,425,HAS_SYMPTOM
369,188,HAS_SYMPTOM
369,895,HAS_SYMPTOM
369,896,HAS_SYMPTOM
369,578,HAS_SYMPTOM
370,21,HAS_SYMPTOM
370,19,HAS_SYMPTOM
370,20,HAS_SYMPTOM
370,206,HAS_SYMPTOM
370,330,HAS_SYMPTOM
370,897,HAS_SYMPTOM
371,40,HAS_SYMPTOM
371,41,HAS_SYMPTOM
371,42,HAS_SYMPTOM
371,43,HAS_SYMPTOM
371,898,HAS_SYMPTOM
371,899,HAS_SYMPTOM
372,19,HAS_SYMPTOM
372,20,HAS_SYMPTOM
372,21,HAS_SYMPTOM
372,900,HAS_SYMPTOM
372,6,HAS_SYMPTOM
372,29,HAS_SYMPTOM
372,398,HAS_SYMPTOM
373,901,HAS_SYMPTOM
373,1,HAS_SYMPTOM
373,4,HAS_SYMPTOM
373,378,HAS_SYMPTOM
373,379,HAS_SYMPTOM
373,80,HAS_SYMPTOM
374,902,HAS_SYMPTOM
374,903,HAS_SYMPTOM
374,267,HAS_SYMPTOM
374,904,HAS_SYMPTOM
374,395,HAS_SYMPTOM
374,168,HAS_SYMPTOM
375,905,HAS_SYMPTOM
375,38,HAS_SYMPTOM
375,906,HAS_SYMPTOM
375,584,HAS_SYMPTOM
375,907,HAS_SYMPTOM
376,908,HAS_SYMPTOM
376,19,HAS_SYMPTOM
376,909,HAS_SYMPTOM
377,71,HAS_SYMPTOM
377,72,HAS_SYMPTOM
377,41,HAS_SYMPTOM
378,149,HAS_SYMPTOM
378,332,HAS_SYMPTOM
378,887,HAS_SYMPTOM
379,910,HAS_SYMPTOM
379,41,HAS_SYMPTOM
379,911,HAS_SYMPTOM
380,71,HAS_SYMPTOM
380,80,HAS_SYMPTOM
380,912,HAS_SYMPTOM
381,146,HAS_SYMPTOM
381,913,HAS_SYMPTOM
381,323,HAS_SYMPTOM
382,914,HAS_SYMPTOM
382,915,HAS_SYMPTOM
383,916,HAS_SYMPTOM
383,917,HAS_SYMPTOM
384,162,HAS_SYMPTOM
384,634,HAS_SYMPTOM
384,918,HAS_SYMPTOM
384,421,HAS_SYMPTOM
385,634,HAS_SYMPTOM
385,423,HAS_SYMPTOM
385,528,HAS_SYMPTOM
386,919,HAS_SYMPTOM
386,920,HAS_SYMPTOM
386,921,HAS_SYMPTOM
387,922,HAS_SYMPTOM
387,923,HAS_SYMPTOM
388,634,HAS_SYMPTOM
388,161,HAS_SYMPTOM
388,924,HAS_SYMPTOM
389,162,HAS_SYMPTOM
389,925,HAS_SYMPTOM
390,926,HAS_SYMPTOM
390,46,HAS_SYMPTOM
390,528,HAS_SYMPTOM
391,919,HAS_SYMPTOM
391,927,HAS_SYMPTOM
392,891,HAS_SYMPTOM
392,606,HAS_SYMPTOM
392,80,HAS_SYMPTOM
392,233,HAS_SYMPTOM
392,443,HAS_SYMPTOM
392,928,HAS_SYMPTOM
393,25,HAS_SYMPTOM
393,358,HAS_SYMPTOM
393,929,HAS_SYMPTOM
393,146,HAS_SYMPTOM
394,930,HAS_SYMPTOM
394,931,HAS_SYMPTOM
394,80,HAS_SYMPTOM
395,19,HAS_SYMPTOM
395,20,HAS_SYMPTOM
395,202,HAS_SYMPTOM
395,932,HAS_SYMPTOM
395,79,HAS_SYMPTOM
396,933,HAS_SYMPTOM
396,543,HAS_SYMPTOM
396,25,HAS_SYMPTOM
396,934,HAS_SYMPTOM
397,935,HAS_SYMPTOM
397,936,HAS_SYMPTOM
397,937,HAS_SYMPTOM
397,620,HAS_SYMPTOM
398,71,HAS_SYMPTOM
398,72,HAS_SYMPTOM
398,41,HAS_SYMPTOM
398,80,HAS_SYMPTOM
398,168,HAS_SYMPTOM
399,25,HAS_SYMPTOM
399,24,HAS_SYMPTOM
399,56,HAS_SYMPTOM
400,80,HAS_SYMPTOM
400,938,HAS_SYMPTOM
400,939,HAS_SYMPTOM
